repository	author	source_url	commit	source_path	classification	purpose	license	sha256
course	archibate	https://github.com/parallel101/course	86e15b21d50642d8e4463aadef914374bfe47bb2	README.md	progression	Compiler visibility, aliasing, vectorization, and loop transforms	CC-BY-NC-SA-4.0	1cf50322a555cf9e598ed32170e8efabc78dd1eeb9380724e40450ced43c65d2
course	archibate	https://github.com/parallel101/course	86e15b21d50642d8e4463aadef914374bfe47bb2	04/3_pointers/01_pointer_aliasing/main.cpp	progression	Compiler visibility, aliasing, vectorization, and loop transforms	CC-BY-NC-SA-4.0	a300e3a6c85340ff8331bd59c6b588651e1585f54cdab2864657ed2e2963bdd9
course	archibate	https://github.com/parallel101/course	86e15b21d50642d8e4463aadef914374bfe47bb2	04/3_pointers/02_restrict_pointer/main.cpp	progression	Compiler visibility, aliasing, vectorization, and loop transforms	CC-BY-NC-SA-4.0	15f6c9f7d7add52420b64e5adcf8b74813a2daf8780326c436918fc39a07532b
course	archibate	https://github.com/parallel101/course	86e15b21d50642d8e4463aadef914374bfe47bb2	04/5_loops/01_worry_pointer_aliasing/main.cpp	progression	Compiler visibility, aliasing, vectorization, and loop transforms	CC-BY-NC-SA-4.0	fd4b64e384f69d80492f9add85f2c59c1e6eaff84f0e7c31817539c2e154251b
course	archibate	https://github.com/parallel101/course	86e15b21d50642d8e4463aadef914374bfe47bb2	04/5_loops/02_no_pointer_aliasing/main.cpp	progression	Compiler visibility, aliasing, vectorization, and loop transforms	CC-BY-NC-SA-4.0	ab78444f57dedd40af1b51f26ba531fcfb03ac066293b8c828fcfdb53228b58c
course	archibate	https://github.com/parallel101/course	86e15b21d50642d8e4463aadef914374bfe47bb2	04/5_loops/04_no_pointer_aliasing_ivdep/main.cpp	progression	Compiler visibility, aliasing, vectorization, and loop transforms	CC-BY-NC-SA-4.0	d3823e4a0b7c4b81465846ea7d5fb4e3ab4847be29ce40b4a2d82c3a0bc6a747
course	archibate	https://github.com/parallel101/course	86e15b21d50642d8e4463aadef914374bfe47bb2	04/5_loops/06_loop_with_external_call/main.cpp	progression	Compiler visibility, aliasing, vectorization, and loop transforms	CC-BY-NC-SA-4.0	18d6a24eed3f4ca1ae0f615bbe731e1307e2e9657ccb3027d0184a79dd4e81e4
course	archibate	https://github.com/parallel101/course	86e15b21d50642d8e4463aadef914374bfe47bb2	04/5_loops/07_loop_with_inlineable_call/main.cpp	progression	Compiler visibility, aliasing, vectorization, and loop transforms	CC-BY-NC-SA-4.0	957edd6b2f1a194dd67ddc1eb7fee8a48c302c787b3ab6365b6e92434437c995
course	archibate	https://github.com/parallel101/course	86e15b21d50642d8e4463aadef914374bfe47bb2	04/5_loops/08_loop_with_random_access/main.cpp	progression	Compiler visibility, aliasing, vectorization, and loop transforms	CC-BY-NC-SA-4.0	da42a0dfc1a2985f8afe5103994307a2eff213dd44aa5a8a44a85cac697de744
course	archibate	https://github.com/parallel101/course	86e15b21d50642d8e4463aadef914374bfe47bb2	04/5_loops/09_loop_with_skip_access/main.cpp	progression	Compiler visibility, aliasing, vectorization, and loop transforms	CC-BY-NC-SA-4.0	43a6a54f6e836a23353e3064ac6b608ea06dbd2e3a080ed2758383015269b61e
course	archibate	https://github.com/parallel101/course	86e15b21d50642d8e4463aadef914374bfe47bb2	04/5_loops/10_loop_with_ordered_access/main.cpp	progression	Compiler visibility, aliasing, vectorization, and loop transforms	CC-BY-NC-SA-4.0	1399c0818291e8a23842c75717923ca9e7086c7c1fcdcc5710be955729fc84f3
course	archibate	https://github.com/parallel101/course	86e15b21d50642d8e4463aadef914374bfe47bb2	04/5_loops/11_loop_invariant_motion/main.cpp	progression	Compiler visibility, aliasing, vectorization, and loop transforms	CC-BY-NC-SA-4.0	9a38af0488d61cfa115ca6f8e4aacf6f8bc63637702059e65cca16a9a68cbe31
course	archibate	https://github.com/parallel101/course	86e15b21d50642d8e4463aadef914374bfe47bb2	04/5_loops/12_loop_invariant_failed/main.cpp	progression	Compiler visibility, aliasing, vectorization, and loop transforms	CC-BY-NC-SA-4.0	98c163bcc699e54b6ea8b1993ed4f159f28ef1a99aaf64f63b3b92933555f0d1
course	archibate	https://github.com/parallel101/course	86e15b21d50642d8e4463aadef914374bfe47bb2	04/5_loops/13_loop_unrolling/main.cpp	progression	Compiler visibility, aliasing, vectorization, and loop transforms	CC-BY-NC-SA-4.0	3402752891733f17d7da7721b8bfa7fca6288a75bc0fb25b07bd9767a4e004c8
course	archibate	https://github.com/parallel101/course	86e15b21d50642d8e4463aadef914374bfe47bb2	specifelse/0.cpp	progression	Branch prediction, if-conversion, predicates, LUTs, and data-distribution effects	CC-BY-NC-SA-4.0	3001c12d0a0617e9f835605bedd4225ca33d1f9b61b4b8feb2160fae28f3ca79
course	archibate	https://github.com/parallel101/course	86e15b21d50642d8e4463aadef914374bfe47bb2	specifelse/1.cpp	progression	Branch prediction, if-conversion, predicates, LUTs, and data-distribution effects	CC-BY-NC-SA-4.0	15ff80a3a816775f4ccd4aad6612dcb4f3f3465683d54270e79ab36cccc9edbf
course	archibate	https://github.com/parallel101/course	86e15b21d50642d8e4463aadef914374bfe47bb2	specifelse/2.cpp	progression	Branch prediction, if-conversion, predicates, LUTs, and data-distribution effects	CC-BY-NC-SA-4.0	c233169e3723d4aa405c6783675766053f0d89ee149879948f3d9a7123b84649
course	archibate	https://github.com/parallel101/course	86e15b21d50642d8e4463aadef914374bfe47bb2	specifelse/3.cpp	progression	Branch prediction, if-conversion, predicates, LUTs, and data-distribution effects	CC-BY-NC-SA-4.0	6b11def49937ceb0ab14ffd01139feb62e865baa04abdfe1ea651d223ead586e
course	archibate	https://github.com/parallel101/course	86e15b21d50642d8e4463aadef914374bfe47bb2	specifelse/4.cpp	progression	Branch prediction, if-conversion, predicates, LUTs, and data-distribution effects	CC-BY-NC-SA-4.0	55b6d9e96b2641ff51dc5c93c096274ea13e1841b92e7a0141ec85317b611c4a
course	archibate	https://github.com/parallel101/course	86e15b21d50642d8e4463aadef914374bfe47bb2	specifelse/5.cpp	progression	Branch prediction, if-conversion, predicates, LUTs, and data-distribution effects	CC-BY-NC-SA-4.0	6681a6ce44c84aa5bfa7005504f6d246a4f4893e1b369ae6de8d2366ae72ff3c
course	archibate	https://github.com/parallel101/course	86e15b21d50642d8e4463aadef914374bfe47bb2	specifelse/6.cpp	progression	Branch prediction, if-conversion, predicates, LUTs, and data-distribution effects	CC-BY-NC-SA-4.0	5202c79dbb57e5b7f122cb7712aef30930bc45757a49ee6c1a717562a89b1f79
course	archibate	https://github.com/parallel101/course	86e15b21d50642d8e4463aadef914374bfe47bb2	specifelse/ticktock.h	progression	Branch prediction, if-conversion, predicates, LUTs, and data-distribution effects	CC-BY-NC-SA-4.0	c0602a1df8ec5406bbbb98c96ddea261676704e53b45ddbc0f1049a3a494482d
course	archibate	https://github.com/parallel101/course	86e15b21d50642d8e4463aadef914374bfe47bb2	specifelse/randint.h	progression	Branch prediction, if-conversion, predicates, LUTs, and data-distribution effects	CC-BY-NC-SA-4.0	9f554b1ae9e5240538589030a8f73a530d04388fbda15dbb5184aee900039318
course	archibate	https://github.com/parallel101/course	86e15b21d50642d8e4463aadef914374bfe47bb2	specifelse/benchtest/demo0.cpp	progression	Branch prediction, if-conversion, predicates, LUTs, and data-distribution effects	CC-BY-NC-SA-4.0	578cdd329d50daeb1db44ba42fc46b8c11e8134f9d259971ec64c3123aeffaf8
course	archibate	https://github.com/parallel101/course	86e15b21d50642d8e4463aadef914374bfe47bb2	04/6_structs/01_vec2_simd_ok/main.cpp	progression	AoS, SoA, AoSoA, padding, alignment, and measured layout trade-offs	CC-BY-NC-SA-4.0	f4bc561680358a8deda397f015e632fafae2ad4c72ba862a639a179b3b7cfb03
course	archibate	https://github.com/parallel101/course	86e15b21d50642d8e4463aadef914374bfe47bb2	04/6_structs/02_vec3_simd_fail/main.cpp	progression	AoS, SoA, AoSoA, padding, alignment, and measured layout trade-offs	CC-BY-NC-SA-4.0	97b4279d1fc5bfd778ee6eb0e0a25b0f7256fbb49b6db576bbf8e55410a6f3e1
course	archibate	https://github.com/parallel101/course	86e15b21d50642d8e4463aadef914374bfe47bb2	04/6_structs/03_vec3_with_padding_ok/main.cpp	progression	AoS, SoA, AoSoA, padding, alignment, and measured layout trade-offs	CC-BY-NC-SA-4.0	71e403e4272f6d24d36f1bcf3a42fc246f5c460a1cb572ac969a95ed6806dfe6
course	archibate	https://github.com/parallel101/course	86e15b21d50642d8e4463aadef914374bfe47bb2	04/6_structs/04_vec3_with_alignas_ok/main.cpp	progression	AoS, SoA, AoSoA, padding, alignment, and measured layout trade-offs	CC-BY-NC-SA-4.0	e3840a60615f50c6fb185999b546693d40224147bcaf86a9b99003b9e60bd5d1
course	archibate	https://github.com/parallel101/course	86e15b21d50642d8e4463aadef914374bfe47bb2	04/6_structs/05_vec3_aos/main.cpp	progression	AoS, SoA, AoSoA, padding, alignment, and measured layout trade-offs	CC-BY-NC-SA-4.0	97b4279d1fc5bfd778ee6eb0e0a25b0f7256fbb49b6db576bbf8e55410a6f3e1
course	archibate	https://github.com/parallel101/course	86e15b21d50642d8e4463aadef914374bfe47bb2	04/6_structs/06_vec3_soa/main.cpp	progression	AoS, SoA, AoSoA, padding, alignment, and measured layout trade-offs	CC-BY-NC-SA-4.0	ee38f7ff37d622eeeb9846d7daa89f9681cec72d1fd209057e2f426ca0d599b3
course	archibate	https://github.com/parallel101/course	86e15b21d50642d8e4463aadef914374bfe47bb2	04/6_structs/07_vec3_aosoa/main.cpp	progression	AoS, SoA, AoSoA, padding, alignment, and measured layout trade-offs	CC-BY-NC-SA-4.0	01a9d1c89cc18a36b4502498ab2b4b7025b3956fde0ff6d3a78f9a2bbffb53e2
course	archibate	https://github.com/parallel101/course	86e15b21d50642d8e4463aadef914374bfe47bb2	04/6_structs/08_benchmark/common.h	progression	AoS, SoA, AoSoA, padding, alignment, and measured layout trade-offs	CC-BY-NC-SA-4.0	c60dffcba752ce1b7ae360afe3bb594b22350c03cd4cb041bf5ef34d4aab7dbe
course	archibate	https://github.com/parallel101/course	86e15b21d50642d8e4463aadef914374bfe47bb2	04/6_structs/08_benchmark/profile.h	progression	AoS, SoA, AoSoA, padding, alignment, and measured layout trade-offs	CC-BY-NC-SA-4.0	3b1b36632492fae4180a1b21a560762c3da581e9b742264413a540952272a5a5
course	archibate	https://github.com/parallel101/course	86e15b21d50642d8e4463aadef914374bfe47bb2	04/6_structs/08_benchmark/main.cpp	progression	AoS, SoA, AoSoA, padding, alignment, and measured layout trade-offs	CC-BY-NC-SA-4.0	d12f098ec1fda1b2addf68fcf5214661ebd598d20561b16173eed54a5b7a941d
course	archibate	https://github.com/parallel101/course	86e15b21d50642d8e4463aadef914374bfe47bb2	04/6_structs/08_benchmark/aos.cpp	progression	AoS, SoA, AoSoA, padding, alignment, and measured layout trade-offs	CC-BY-NC-SA-4.0	b3775f8cbf1c1ee5979faf6f01277b54bcb9774e47e77fa82cdf10e01b4cbf25
course	archibate	https://github.com/parallel101/course	86e15b21d50642d8e4463aadef914374bfe47bb2	04/6_structs/08_benchmark/aos_aligned.cpp	progression	AoS, SoA, AoSoA, padding, alignment, and measured layout trade-offs	CC-BY-NC-SA-4.0	69c17e94907def468c438942bcf7fa6b4bd3ac428b27cbc949822f49163f045f
course	archibate	https://github.com/parallel101/course	86e15b21d50642d8e4463aadef914374bfe47bb2	04/6_structs/08_benchmark/aos_parallel.cpp	progression	AoS, SoA, AoSoA, padding, alignment, and measured layout trade-offs	CC-BY-NC-SA-4.0	b67d700e77590aad03a4b3fea17b2bb995676b685f722ffbb00bcb0e698cab85
course	archibate	https://github.com/parallel101/course	86e15b21d50642d8e4463aadef914374bfe47bb2	04/6_structs/08_benchmark/aosoa.cpp	progression	AoS, SoA, AoSoA, padding, alignment, and measured layout trade-offs	CC-BY-NC-SA-4.0	5a31293863fb0f326f1c02a4ee5cd5bc573f7c48576884eab6bdf372d94a808f
course	archibate	https://github.com/parallel101/course	86e15b21d50642d8e4463aadef914374bfe47bb2	04/6_structs/08_benchmark/soa.cpp	progression	AoS, SoA, AoSoA, padding, alignment, and measured layout trade-offs	CC-BY-NC-SA-4.0	82ae5329e32fce39d4dfbd7dc342fdb74dd671c4244ceef8023d578dc0326749
course	archibate	https://github.com/parallel101/course	86e15b21d50642d8e4463aadef914374bfe47bb2	04/6_structs/08_benchmark/soa_parallel.cpp	progression	AoS, SoA, AoSoA, padding, alignment, and measured layout trade-offs	CC-BY-NC-SA-4.0	c66cffa3e32417c224532d3e508d782891d06d9e26b86f1a90b569fd338692c4
course	archibate	https://github.com/parallel101/course	86e15b21d50642d8e4463aadef914374bfe47bb2	04/6_structs/08_benchmark/soa_simd.cpp	progression	AoS, SoA, AoSoA, padding, alignment, and measured layout trade-offs	CC-BY-NC-SA-4.0	2e090ac0cf51eb7a84a1cc40f9d08651be8047855295f8afc75eb712312fc412
course	archibate	https://github.com/parallel101/course	86e15b21d50642d8e4463aadef914374bfe47bb2	04/6_structs/08_benchmark/soa_size_t.cpp	progression	AoS, SoA, AoSoA, padding, alignment, and measured layout trade-offs	CC-BY-NC-SA-4.0	3f7b5d92121e2d9d7523471919a9e16523ae204975797ac7a0e52800c1476fe1
course	archibate	https://github.com/parallel101/course	86e15b21d50642d8e4463aadef914374bfe47bb2	04/6_structs/08_benchmark/soa_unroll.cpp	progression	AoS, SoA, AoSoA, padding, alignment, and measured layout trade-offs	CC-BY-NC-SA-4.0	b617971de3e7b1855483db5e46e09d4d824bd0f3d58cb6520204c0f9e9d8980c
course	archibate	https://github.com/parallel101/course	86e15b21d50642d8e4463aadef914374bfe47bb2	05/02_async/01/main.cpp	progression	Async launch, reductions, grain size, task parallelism, and pipelines	CC-BY-NC-SA-4.0	5b57123bae41165fbd9f534cb4507bb06519f75541b735241b4e249f48450d11
course	archibate	https://github.com/parallel101/course	86e15b21d50642d8e4463aadef914374bfe47bb2	05/02_async/02/main.cpp	progression	Async launch, reductions, grain size, task parallelism, and pipelines	CC-BY-NC-SA-4.0	1f7b1853fbe229fe475c830f443327d6e772ac12f55124b89b0a4f6df2c0ef99
course	archibate	https://github.com/parallel101/course	86e15b21d50642d8e4463aadef914374bfe47bb2	05/02_async/03/main.cpp	progression	Async launch, reductions, grain size, task parallelism, and pipelines	CC-BY-NC-SA-4.0	68262da9db1a261e70cf2bece4519344a6ea86bfd68922b991c64e50e1928052
course	archibate	https://github.com/parallel101/course	86e15b21d50642d8e4463aadef914374bfe47bb2	05/02_async/04/main.cpp	progression	Async launch, reductions, grain size, task parallelism, and pipelines	CC-BY-NC-SA-4.0	f21dd3cb04e8f0a257323adfffd2b31399c0c6b10a530015602a0b563f75fd57
course	archibate	https://github.com/parallel101/course	86e15b21d50642d8e4463aadef914374bfe47bb2	05/02_async/05/main.cpp	progression	Async launch, reductions, grain size, task parallelism, and pipelines	CC-BY-NC-SA-4.0	1907112958e020ef117771d80b100a64ada376711f3efb51edaddef84b31d826
course	archibate	https://github.com/parallel101/course	86e15b21d50642d8e4463aadef914374bfe47bb2	05/02_async/06/main.cpp	progression	Async launch, reductions, grain size, task parallelism, and pipelines	CC-BY-NC-SA-4.0	7249b0c8570549470607ae1d131c54cb3b735a1774c4cf8cbde016995ff64200
course	archibate	https://github.com/parallel101/course	86e15b21d50642d8e4463aadef914374bfe47bb2	06/02_reduce/03/main.cpp	progression	Async launch, reductions, grain size, task parallelism, and pipelines	CC-BY-NC-SA-4.0	f8ad89835c16ab30142752843d2104ccf8ad630bdf7ab73b3a2d2c2158cfdd8d
course	archibate	https://github.com/parallel101/course	86e15b21d50642d8e4463aadef914374bfe47bb2	06/02_reduce/04/main.cpp	progression	Async launch, reductions, grain size, task parallelism, and pipelines	CC-BY-NC-SA-4.0	9182be25b89a200c87896c38ed709ae534d8a40388b055a3b4656ed35e5d34d8
course	archibate	https://github.com/parallel101/course	86e15b21d50642d8e4463aadef914374bfe47bb2	06/02_reduce/08/main.cpp	progression	Async launch, reductions, grain size, task parallelism, and pipelines	CC-BY-NC-SA-4.0	caa937bf7aecd9c66597664c0acbdd2ec3b39c4927838cb466ca1efdbf81ec6a
course	archibate	https://github.com/parallel101/course	86e15b21d50642d8e4463aadef914374bfe47bb2	06/05_split/01/main.cpp	progression	Async launch, reductions, grain size, task parallelism, and pipelines	CC-BY-NC-SA-4.0	093980ed5575d40b6d84c0387bf6b9061a63be4c7bdb4e3e911bf5bd4ac90c2b
course	archibate	https://github.com/parallel101/course	86e15b21d50642d8e4463aadef914374bfe47bb2	06/05_split/02/main.cpp	progression	Async launch, reductions, grain size, task parallelism, and pipelines	CC-BY-NC-SA-4.0	7308b8a4db2126f8f2d78dc75282608f470728d9a7b627cea073224192abab65
course	archibate	https://github.com/parallel101/course	86e15b21d50642d8e4463aadef914374bfe47bb2	06/05_split/03/main.cpp	progression	Async launch, reductions, grain size, task parallelism, and pipelines	CC-BY-NC-SA-4.0	bc58adacc3c04f29fc3b5cc1a6ed0bb949a9bdc0db663058ec1bbb5bcb6d8131
course	archibate	https://github.com/parallel101/course	86e15b21d50642d8e4463aadef914374bfe47bb2	06/05_split/04/main.cpp	progression	Async launch, reductions, grain size, task parallelism, and pipelines	CC-BY-NC-SA-4.0	58880d0b8da68e33db5b0608d380054a0c67488362ea29935a7c9d7a1bc144bb
course	archibate	https://github.com/parallel101/course	86e15b21d50642d8e4463aadef914374bfe47bb2	06/05_split/05/main.cpp	progression	Async launch, reductions, grain size, task parallelism, and pipelines	CC-BY-NC-SA-4.0	633c3c329a523d6cd5ff1b9266a31a3aebad7b88bc087a4da374ad4aa4139fd7
course	archibate	https://github.com/parallel101/course	86e15b21d50642d8e4463aadef914374bfe47bb2	06/08_qsort/07/main.cpp	progression	Async launch, reductions, grain size, task parallelism, and pipelines	CC-BY-NC-SA-4.0	0f1d933a0b24652974fba2f7672c31794eeff88c842e62c3b4906cf78f006fdf
course	archibate	https://github.com/parallel101/course	86e15b21d50642d8e4463aadef914374bfe47bb2	06/08_qsort/08/main.cpp	progression	Async launch, reductions, grain size, task parallelism, and pipelines	CC-BY-NC-SA-4.0	2ae8e04e870e686a8aa7404b0a504e07ced3c11e66186647de3b07bde414a03e
course	archibate	https://github.com/parallel101/course	86e15b21d50642d8e4463aadef914374bfe47bb2	06/08_qsort/09/main.cpp	progression	Async launch, reductions, grain size, task parallelism, and pipelines	CC-BY-NC-SA-4.0	6044b1e27f7fc325f89aded5ed2bc2b09b0cd6098cf4d3bb8e1f038848792324
course	archibate	https://github.com/parallel101/course	86e15b21d50642d8e4463aadef914374bfe47bb2	06/08_qsort/10/main.cpp	progression	Async launch, reductions, grain size, task parallelism, and pipelines	CC-BY-NC-SA-4.0	3d229df6d9e7bcc042bc8c53f434d1a43a8c30045c2751b9a6c7268608c64b3b
course	archibate	https://github.com/parallel101/course	86e15b21d50642d8e4463aadef914374bfe47bb2	06/09_pipeline/01/main.cpp	progression	Async launch, reductions, grain size, task parallelism, and pipelines	CC-BY-NC-SA-4.0	455472590b6ccaffd04e00988c569e17046f440ad7ba7e6bad4caede1aba0074
course	archibate	https://github.com/parallel101/course	86e15b21d50642d8e4463aadef914374bfe47bb2	06/09_pipeline/03/main.cpp	progression	Async launch, reductions, grain size, task parallelism, and pipelines	CC-BY-NC-SA-4.0	63626dbe3f19d2c6e7f979207b5e70aa455e1fc1a72e1c685f5f0083d3015b5c
course	archibate	https://github.com/parallel101/course	86e15b21d50642d8e4463aadef914374bfe47bb2	06/09_pipeline/05/main.cpp	progression	Async launch, reductions, grain size, task parallelism, and pipelines	CC-BY-NC-SA-4.0	674c14a0b91281abaa991b50ae32acd57f1f2cc98ec1672ef17b803334c6b0fa
course	archibate	https://github.com/parallel101/course	86e15b21d50642d8e4463aadef914374bfe47bb2	06/07_filter/01/main.cpp	progression	TBB append, local buffering, atomic publication, and scan-based stream compaction	CC-BY-NC-SA-4.0	b06741cf411a6098d3cf5a0a9887f8a34424ce7a8bcf74cfeb48d8827fcbbcb5
course	archibate	https://github.com/parallel101/course	86e15b21d50642d8e4463aadef914374bfe47bb2	06/07_filter/02/main.cpp	progression	TBB append, local buffering, atomic publication, and scan-based stream compaction	CC-BY-NC-SA-4.0	572e9158f1e8ed17e0df9956ffa44bf7255d110d0507d61059f4d7d2c6d41d26
course	archibate	https://github.com/parallel101/course	86e15b21d50642d8e4463aadef914374bfe47bb2	06/07_filter/03/main.cpp	progression	TBB append, local buffering, atomic publication, and scan-based stream compaction	CC-BY-NC-SA-4.0	e8cc5a70b1ecd12b185985665247111f193ffec052d652a960101a15234e5901
course	archibate	https://github.com/parallel101/course	86e15b21d50642d8e4463aadef914374bfe47bb2	06/07_filter/04/main.cpp	progression	TBB append, local buffering, atomic publication, and scan-based stream compaction	CC-BY-NC-SA-4.0	d42acb3a3ea3c785e9243cd62c5f11ff07f23b04b150375faeeefea821c0a9b6
course	archibate	https://github.com/parallel101/course	86e15b21d50642d8e4463aadef914374bfe47bb2	06/07_filter/05/main.cpp	progression	TBB append, local buffering, atomic publication, and scan-based stream compaction	CC-BY-NC-SA-4.0	96ab1e8658eb80b3c262bedf02d46cfcaa6507a1aadca2323ea934f6eae443be
course	archibate	https://github.com/parallel101/course	86e15b21d50642d8e4463aadef914374bfe47bb2	06/07_filter/06/main.cpp	progression	TBB append, local buffering, atomic publication, and scan-based stream compaction	CC-BY-NC-SA-4.0	172697b61cc9f264b8d1d18766e6b0306a40aabba1f8e9f918ccb8e63db9d375
course	archibate	https://github.com/parallel101/course	86e15b21d50642d8e4463aadef914374bfe47bb2	06/07_filter/07/main.cpp	progression	TBB append, local buffering, atomic publication, and scan-based stream compaction	CC-BY-NC-SA-4.0	34c2fa9a1e8ef65a97ca6a76c7b02fde3374a4379505524728730b71d8669813
course	archibate	https://github.com/parallel101/course	86e15b21d50642d8e4463aadef914374bfe47bb2	06/07_filter/08/main.cpp	progression	TBB append, local buffering, atomic publication, and scan-based stream compaction	CC-BY-NC-SA-4.0	7ca433b62852c3b93a447cd60a099e88ef9ccf18ab152327db5bb81a3512094b
course	archibate	https://github.com/parallel101/course	86e15b21d50642d8e4463aadef914374bfe47bb2	06/07_filter/09/main.cpp	progression	TBB append, local buffering, atomic publication, and scan-based stream compaction	CC-BY-NC-SA-4.0	7277f65fb28eaa49c78a56648761db4c9458c6aa26013acf070b9ca54b206e2a
course	archibate	https://github.com/parallel101/course	86e15b21d50642d8e4463aadef914374bfe47bb2	06/07_filter/10/main.cpp	progression	TBB append, local buffering, atomic publication, and scan-based stream compaction	CC-BY-NC-SA-4.0	3d8dcebd001d53ca73e6e8789ea82da51793796cf675827855788f47a98a19de
course	archibate	https://github.com/parallel101/course	86e15b21d50642d8e4463aadef914374bfe47bb2	06/07_filter/01/ticktock.h	progression	TBB append, local buffering, atomic publication, and scan-based stream compaction	CC-BY-NC-SA-4.0	92c4c5bff694ecedca424773136be42734768119c95c284494f10ba803f5d0ae
course	archibate	https://github.com/parallel101/course	86e15b21d50642d8e4463aadef914374bfe47bb2	06/07_filter/02/ticktock.h	progression	TBB append, local buffering, atomic publication, and scan-based stream compaction	CC-BY-NC-SA-4.0	92c4c5bff694ecedca424773136be42734768119c95c284494f10ba803f5d0ae
course	archibate	https://github.com/parallel101/course	86e15b21d50642d8e4463aadef914374bfe47bb2	06/07_filter/03/ticktock.h	progression	TBB append, local buffering, atomic publication, and scan-based stream compaction	CC-BY-NC-SA-4.0	92c4c5bff694ecedca424773136be42734768119c95c284494f10ba803f5d0ae
course	archibate	https://github.com/parallel101/course	86e15b21d50642d8e4463aadef914374bfe47bb2	06/07_filter/04/ticktock.h	progression	TBB append, local buffering, atomic publication, and scan-based stream compaction	CC-BY-NC-SA-4.0	92c4c5bff694ecedca424773136be42734768119c95c284494f10ba803f5d0ae
course	archibate	https://github.com/parallel101/course	86e15b21d50642d8e4463aadef914374bfe47bb2	06/07_filter/05/ticktock.h	progression	TBB append, local buffering, atomic publication, and scan-based stream compaction	CC-BY-NC-SA-4.0	92c4c5bff694ecedca424773136be42734768119c95c284494f10ba803f5d0ae
course	archibate	https://github.com/parallel101/course	86e15b21d50642d8e4463aadef914374bfe47bb2	06/07_filter/06/ticktock.h	progression	TBB append, local buffering, atomic publication, and scan-based stream compaction	CC-BY-NC-SA-4.0	92c4c5bff694ecedca424773136be42734768119c95c284494f10ba803f5d0ae
course	archibate	https://github.com/parallel101/course	86e15b21d50642d8e4463aadef914374bfe47bb2	06/07_filter/07/ticktock.h	progression	TBB append, local buffering, atomic publication, and scan-based stream compaction	CC-BY-NC-SA-4.0	92c4c5bff694ecedca424773136be42734768119c95c284494f10ba803f5d0ae
course	archibate	https://github.com/parallel101/course	86e15b21d50642d8e4463aadef914374bfe47bb2	06/07_filter/08/ticktock.h	progression	TBB append, local buffering, atomic publication, and scan-based stream compaction	CC-BY-NC-SA-4.0	92c4c5bff694ecedca424773136be42734768119c95c284494f10ba803f5d0ae
course	archibate	https://github.com/parallel101/course	86e15b21d50642d8e4463aadef914374bfe47bb2	06/07_filter/09/ticktock.h	progression	TBB append, local buffering, atomic publication, and scan-based stream compaction	CC-BY-NC-SA-4.0	92c4c5bff694ecedca424773136be42734768119c95c284494f10ba803f5d0ae
course	archibate	https://github.com/parallel101/course	86e15b21d50642d8e4463aadef914374bfe47bb2	06/07_filter/10/ticktock.h	progression	TBB append, local buffering, atomic publication, and scan-based stream compaction	CC-BY-NC-SA-4.0	92c4c5bff694ecedca424773136be42734768119c95c284494f10ba803f5d0ae
course	archibate	https://github.com/parallel101/course	86e15b21d50642d8e4463aadef914374bfe47bb2	06/07_filter/08/pod.h	progression	TBB append, local buffering, atomic publication, and scan-based stream compaction	CC-BY-NC-SA-4.0	715c1e7abc7cafbf839ad01d89bdb2dc44eb4551cb4878d6a351a3dbafabb34a
course	archibate	https://github.com/parallel101/course	86e15b21d50642d8e4463aadef914374bfe47bb2	06/07_filter/10/pod.h	progression	TBB append, local buffering, atomic publication, and scan-based stream compaction	CC-BY-NC-SA-4.0	715c1e7abc7cafbf839ad01d89bdb2dc44eb4551cb4878d6a351a3dbafabb34a
course	archibate	https://github.com/parallel101/course	86e15b21d50642d8e4463aadef914374bfe47bb2	07/01_bandwidth/01/main.cpp	progression	Bandwidth, locality, prefetch, loop tiling, and kernel fusion	CC-BY-NC-SA-4.0	7265fbc03502ff95e2a66f3ea13fb327ea650923b8a5f48cedda065beae05cc3
course	archibate	https://github.com/parallel101/course	86e15b21d50642d8e4463aadef914374bfe47bb2	07/01_bandwidth/02/main.cpp	progression	Bandwidth, locality, prefetch, loop tiling, and kernel fusion	CC-BY-NC-SA-4.0	8fd21ce680136421b221d5fa8ee1ce87b506affc3df225a930fed3b60eb38695
course	archibate	https://github.com/parallel101/course	86e15b21d50642d8e4463aadef914374bfe47bb2	07/01_bandwidth/03/main.cpp	progression	Bandwidth, locality, prefetch, loop tiling, and kernel fusion	CC-BY-NC-SA-4.0	168499d89da2dd40f965317657280274e46ff823cc0e0870f31c9e9bc8e34f8d
course	archibate	https://github.com/parallel101/course	86e15b21d50642d8e4463aadef914374bfe47bb2	07/01_bandwidth/04/main.cpp	progression	Bandwidth, locality, prefetch, loop tiling, and kernel fusion	CC-BY-NC-SA-4.0	8b3ce91c4c33f09fcc16324bc5b20ecbff32a59ed398ed2cad67fbf6322cbd8a
course	archibate	https://github.com/parallel101/course	86e15b21d50642d8e4463aadef914374bfe47bb2	07/01_bandwidth/05/main.cpp	progression	Bandwidth, locality, prefetch, loop tiling, and kernel fusion	CC-BY-NC-SA-4.0	ced16bb1c8cd5928a5b99de8999b22e14ca0fae54dd9058d9a9067bbc37ac9db
course	archibate	https://github.com/parallel101/course	86e15b21d50642d8e4463aadef914374bfe47bb2	07/01_bandwidth/06/main.cpp	progression	Bandwidth, locality, prefetch, loop tiling, and kernel fusion	CC-BY-NC-SA-4.0	122f13590899b3f5465264c87595215a13ccfe35030761ff9fa90bee7c4a2004
course	archibate	https://github.com/parallel101/course	86e15b21d50642d8e4463aadef914374bfe47bb2	07/01_bandwidth/07/main.cpp	progression	Bandwidth, locality, prefetch, loop tiling, and kernel fusion	CC-BY-NC-SA-4.0	6da42a759a61172d97bdf1038158719276319a34cced697190fc229137b486f4
course	archibate	https://github.com/parallel101/course	86e15b21d50642d8e4463aadef914374bfe47bb2	07/02_cache/01/main.cpp	progression	Bandwidth, locality, prefetch, loop tiling, and kernel fusion	CC-BY-NC-SA-4.0	755c02c89d374436b38c09d5733e78ca9477ef4bb4d11aef9b8245e3254d3eec
course	archibate	https://github.com/parallel101/course	86e15b21d50642d8e4463aadef914374bfe47bb2	07/02_cache/02/main.cpp	progression	Bandwidth, locality, prefetch, loop tiling, and kernel fusion	CC-BY-NC-SA-4.0	d73cc7a424b12be5aaeecf22ee2f7c0fbd638b190a8a8ac1fabd67704fbe3b8d
course	archibate	https://github.com/parallel101/course	86e15b21d50642d8e4463aadef914374bfe47bb2	07/02_cache/03/main.cpp	progression	Bandwidth, locality, prefetch, loop tiling, and kernel fusion	CC-BY-NC-SA-4.0	df636101bafaece22f218804442ddd6a7a50343a6cfefb5936561cedc3800fb4
course	archibate	https://github.com/parallel101/course	86e15b21d50642d8e4463aadef914374bfe47bb2	07/02_cache/04/main.cpp	progression	Bandwidth, locality, prefetch, loop tiling, and kernel fusion	CC-BY-NC-SA-4.0	43b0def8b539f7e6106624195b03a579915af0abf04bf2dd67cf351d00489636
course	archibate	https://github.com/parallel101/course	86e15b21d50642d8e4463aadef914374bfe47bb2	07/02_cache/04/pseudo.cpp	progression	Bandwidth, locality, prefetch, loop tiling, and kernel fusion	CC-BY-NC-SA-4.0	ffea041f539b42e603c99b77d92413d05f299075ea0b67520b933959b0c1da0d
course	archibate	https://github.com/parallel101/course	86e15b21d50642d8e4463aadef914374bfe47bb2	07/03_prefetch/01/main.cpp	progression	Bandwidth, locality, prefetch, loop tiling, and kernel fusion	CC-BY-NC-SA-4.0	57b75bb61f223e3eb50fd07a418d8613efcc1adbba8a04a64d6c2dc13d19c0ed
course	archibate	https://github.com/parallel101/course	86e15b21d50642d8e4463aadef914374bfe47bb2	07/03_prefetch/02/main.cpp	progression	Bandwidth, locality, prefetch, loop tiling, and kernel fusion	CC-BY-NC-SA-4.0	c198705b295bf4ca882cbad8bc39223ad94613e6f13010417708cd679578d68f
course	archibate	https://github.com/parallel101/course	86e15b21d50642d8e4463aadef914374bfe47bb2	07/03_prefetch/03/main.cpp	progression	Bandwidth, locality, prefetch, loop tiling, and kernel fusion	CC-BY-NC-SA-4.0	0ae0d465473eb69648ac2896bfdb7bad7040d9060366e6fd7c6f56314cb0c7da
course	archibate	https://github.com/parallel101/course	86e15b21d50642d8e4463aadef914374bfe47bb2	07/03_prefetch/04/main.cpp	progression	Bandwidth, locality, prefetch, loop tiling, and kernel fusion	CC-BY-NC-SA-4.0	dec329073e878ea1596440eb3a497a5b97c5f3dfad521e11d95b7b98ae90e0d7
course	archibate	https://github.com/parallel101/course	86e15b21d50642d8e4463aadef914374bfe47bb2	07/03_prefetch/05/main.cpp	progression	Bandwidth, locality, prefetch, loop tiling, and kernel fusion	CC-BY-NC-SA-4.0	578c29704108549aa33e52e3089816314f8c0715879d37f49f3bb26a9347cf55
course	archibate	https://github.com/parallel101/course	86e15b21d50642d8e4463aadef914374bfe47bb2	07/03_prefetch/06/main.cpp	progression	Bandwidth, locality, prefetch, loop tiling, and kernel fusion	CC-BY-NC-SA-4.0	f558d6597f2f301bfecf30d856ffd242584b708a58bfec73b37dfd56d65d5941
course	archibate	https://github.com/parallel101/course	86e15b21d50642d8e4463aadef914374bfe47bb2	07/03_prefetch/07/main.cpp	progression	Bandwidth, locality, prefetch, loop tiling, and kernel fusion	CC-BY-NC-SA-4.0	df53a3d8b5beb773483f30df15a459d0108c0810985ac7a6a97889a2a557c549
course	archibate	https://github.com/parallel101/course	86e15b21d50642d8e4463aadef914374bfe47bb2	07/04_fusion/00/main.cpp	progression	Bandwidth, locality, prefetch, loop tiling, and kernel fusion	CC-BY-NC-SA-4.0	ca29d451329fae7d41de9d32b2ff5322ee6c3599e5b6a09cea1d7ebf11c49ed8
course	archibate	https://github.com/parallel101/course	86e15b21d50642d8e4463aadef914374bfe47bb2	07/04_fusion/01/main.cpp	progression	Bandwidth, locality, prefetch, loop tiling, and kernel fusion	CC-BY-NC-SA-4.0	20d552e1fa6f96a16988c804528c694955e4a8755cab87852c8939eea0d37682
course	archibate	https://github.com/parallel101/course	86e15b21d50642d8e4463aadef914374bfe47bb2	07/04_fusion/02/main.cpp	progression	Bandwidth, locality, prefetch, loop tiling, and kernel fusion	CC-BY-NC-SA-4.0	76f2ac7c5c53067b5c6a28d02c20d31134559e6a70b4d43ba60f6033911d119a
course	archibate	https://github.com/parallel101/course	86e15b21d50642d8e4463aadef914374bfe47bb2	07/04_fusion/03/main.cpp	progression	Bandwidth, locality, prefetch, loop tiling, and kernel fusion	CC-BY-NC-SA-4.0	5567283293f683e116c699def3e6605ce2ac6982aab759779d2d7f7be0206564
course	archibate	https://github.com/parallel101/course	86e15b21d50642d8e4463aadef914374bfe47bb2	07/04_fusion/04/main.cpp	progression	Bandwidth, locality, prefetch, loop tiling, and kernel fusion	CC-BY-NC-SA-4.0	61ab53d35dad8d401084258803aa72bc1b7d4f56e2989f81a784526a582a65d0
course	archibate	https://github.com/parallel101/course	86e15b21d50642d8e4463aadef914374bfe47bb2	07/04_fusion/05/main.cpp	progression	Bandwidth, locality, prefetch, loop tiling, and kernel fusion	CC-BY-NC-SA-4.0	5b353184f7be3c6a6ff06ea81ad1fb0899bfe9156b7bd07eb3567b492b6300d6
course	archibate	https://github.com/parallel101/course	86e15b21d50642d8e4463aadef914374bfe47bb2	07/05_malloc/15/main.cpp	reference	Allocation, multidimensional layout, Z-order, and false sharing	CC-BY-NC-SA-4.0	13471bc339ac223275e4cf9066d1f1a4a77982b4ffc3030fe0c1eb695ae59638
course	archibate	https://github.com/parallel101/course	86e15b21d50642d8e4463aadef914374bfe47bb2	07/05_malloc/16/main.cpp	reference	Allocation, multidimensional layout, Z-order, and false sharing	CC-BY-NC-SA-4.0	264bc4a0119344f894838c293b768f26525138b22b2015c56c3999e3adf3cb97
course	archibate	https://github.com/parallel101/course	86e15b21d50642d8e4463aadef914374bfe47bb2	07/06_ndarray/01/main.cpp	reference	Allocation, multidimensional layout, Z-order, and false sharing	CC-BY-NC-SA-4.0	ad9aae8039f3b3a82f23f1c44e14361bd602ffc1d93ce99fefac08ed151a2fa8
course	archibate	https://github.com/parallel101/course	86e15b21d50642d8e4463aadef914374bfe47bb2	07/06_ndarray/01/alignalloc.h	reference	Allocation, multidimensional layout, Z-order, and false sharing	CC-BY-NC-SA-4.0	feccb851d5c7e3f837811bd337bb171b30926b3f31fe00bdca593aae2c8080f6
course	archibate	https://github.com/parallel101/course	86e15b21d50642d8e4463aadef914374bfe47bb2	07/06_ndarray/02/main.cpp	reference	Allocation, multidimensional layout, Z-order, and false sharing	CC-BY-NC-SA-4.0	13d2626299d23dbd7ebf2b5a35a0acfb805c78fd7080571d41eecfdea43cb981
course	archibate	https://github.com/parallel101/course	86e15b21d50642d8e4463aadef914374bfe47bb2	07/06_ndarray/03/main.cpp	reference	Allocation, multidimensional layout, Z-order, and false sharing	CC-BY-NC-SA-4.0	6a7a1c7482cc07f4f99d87706e46a99dc0bacba2cb24a4282ddd4c3f4b98bb14
course	archibate	https://github.com/parallel101/course	86e15b21d50642d8e4463aadef914374bfe47bb2	07/06_ndarray/03/ndarray.h	reference	Allocation, multidimensional layout, Z-order, and false sharing	CC-BY-NC-SA-4.0	edb4db0ee371488bcec77ad5a317b3e41c240e06ebc43a5b15895b1f7a2756dd
course	archibate	https://github.com/parallel101/course	86e15b21d50642d8e4463aadef914374bfe47bb2	07/08_matrix/01/main.cpp	reference	Allocation, multidimensional layout, Z-order, and false sharing	CC-BY-NC-SA-4.0	80ee97ed10b83d0ca0248e5a92a6037ac6e9422983a94e0be7ca931dd47c8456
course	archibate	https://github.com/parallel101/course	86e15b21d50642d8e4463aadef914374bfe47bb2	07/08_matrix/01/alignalloc.h	reference	Allocation, multidimensional layout, Z-order, and false sharing	CC-BY-NC-SA-4.0	feccb851d5c7e3f837811bd337bb171b30926b3f31fe00bdca593aae2c8080f6
course	archibate	https://github.com/parallel101/course	86e15b21d50642d8e4463aadef914374bfe47bb2	07/08_matrix/01/morton.h	reference	Allocation, multidimensional layout, Z-order, and false sharing	CC-BY-NC-SA-4.0	640421f4e56fe634930ceb5ff5ecc8e604ed3c90ece7eaf5d6cc09b65102034c
course	archibate	https://github.com/parallel101/course	86e15b21d50642d8e4463aadef914374bfe47bb2	07/08_matrix/01/ndarray.h	reference	Allocation, multidimensional layout, Z-order, and false sharing	CC-BY-NC-SA-4.0	edb4db0ee371488bcec77ad5a317b3e41c240e06ebc43a5b15895b1f7a2756dd
course	archibate	https://github.com/parallel101/course	86e15b21d50642d8e4463aadef914374bfe47bb2	07/08_matrix/02/main.cpp	reference	Allocation, multidimensional layout, Z-order, and false sharing	CC-BY-NC-SA-4.0	70bee096277698dce7628076e465e6dd76c3bf769b076763758e41c882de90a3
course	archibate	https://github.com/parallel101/course	86e15b21d50642d8e4463aadef914374bfe47bb2	07/08_matrix/03/main.cpp	reference	Allocation, multidimensional layout, Z-order, and false sharing	CC-BY-NC-SA-4.0	c130ccb5c18912aade349c32ec27506137956c09bab28d910096c549930240e2
course	archibate	https://github.com/parallel101/course	86e15b21d50642d8e4463aadef914374bfe47bb2	07/09_multicore/01/main.cpp	reference	Allocation, multidimensional layout, Z-order, and false sharing	CC-BY-NC-SA-4.0	bf8f3a88a82472aa47c32b924f876b4f0742b89d3fec043686a9b507a3bcee80
course	archibate	https://github.com/parallel101/course	86e15b21d50642d8e4463aadef914374bfe47bb2	07/10_rbgs/01/main.cpp	reference	Matrix-free red-black Gauss-Seidel stencil and phase dependencies	CC-BY-NC-SA-4.0	426f418a9565f1fbce58813f9a8ae772010dc38205d655f6938e888b0e1465e4
course	archibate	https://github.com/parallel101/course	86e15b21d50642d8e4463aadef914374bfe47bb2	slides/bench/main.cpp	reference	Benchmark interpretation and abstraction cost	CC-BY-NC-SA-4.0	f093fffffe697d7e153b588ddc9ae9d68699b891309c2469a052c567cdd43e5e
course	archibate	https://github.com/parallel101/course	86e15b21d50642d8e4463aadef914374bfe47bb2	slides/bench/test.cpp	reference	Benchmark interpretation and abstraction cost	CC-BY-NC-SA-4.0	ee18892cee4c2600f474168092a3c73c727d169b194396da8765c011429826cd
course	archibate	https://github.com/parallel101/course	86e15b21d50642d8e4463aadef914374bfe47bb2	slides/bench/BM_latency.csv	reference	Benchmark interpretation and abstraction cost	CC-BY-NC-SA-4.0	14851f94be642c79f21d3d9097d7782bafbeb857378701ff854945fbf5d081c9
course	archibate	https://github.com/parallel101/course	86e15b21d50642d8e4463aadef914374bfe47bb2	slides/bench/BM_struct.csv	reference	Benchmark interpretation and abstraction cost	CC-BY-NC-SA-4.0	dd4516f0d75ee1fc642141ff105a641ffdb97a7a765baf54bfd4f7b8e41a769e
course	archibate	https://github.com/parallel101/course	86e15b21d50642d8e4463aadef914374bfe47bb2	slides/design/signal.md	reference	Benchmark interpretation and abstraction cost	CC-BY-NC-SA-4.0	02a619c0f00bd48541f7be348a5e7a27d51bb8c2771b35a6e06a5f2d35bd742b
course	archibate	https://github.com/parallel101/course	86e15b21d50642d8e4463aadef914374bfe47bb2	slides/design/function2.md	reference	Benchmark interpretation and abstraction cost	CC-BY-NC-SA-4.0	cbc1587c58523cbd7f2186e4fc66bcb3aa34c4b93570763764764ee463480b13
course	archibate	https://github.com/parallel101/course	86e15b21d50642d8e4463aadef914374bfe47bb2	slides/design/virtual.md	reference	Benchmark interpretation and abstraction cost	CC-BY-NC-SA-4.0	f9139117e572a3b02823677222bfe254aa9caa06f5abe9e8a1b6f6dead4fd058
course	archibate	https://github.com/parallel101/course	86e15b21d50642d8e4463aadef914374bfe47bb2	slides/design/strict-aliasing.md	reference	Benchmark interpretation and abstraction cost	CC-BY-NC-SA-4.0	6a544a588d30228b7af91a87393e29eeea8205fbeb3f1db1af125c32b48650d3
course	archibate	https://github.com/parallel101/course	86e15b21d50642d8e4463aadef914374bfe47bb2	10/00/bate.h	experimental	Sparse representation, quantization, FP16, and shared-exponent lessons	CC-BY-NC-SA-4.0	ffa8835e17ee8858f82f1b0e93bdd74f58f896bf9cd8b0d0c969ee312e4276bc
course	archibate	https://github.com/parallel101/course	86e15b21d50642d8e4463aadef914374bfe47bb2	10/00/00.cpp	experimental	Sparse representation, quantization, FP16, and shared-exponent lessons	CC-BY-NC-SA-4.0	ed9e7f4bb623afabf0da7fae182ac75404f3c57d0c3ff19fe5a3f3008de9805a
course	archibate	https://github.com/parallel101/course	86e15b21d50642d8e4463aadef914374bfe47bb2	10/00/03.cpp	experimental	Sparse representation, quantization, FP16, and shared-exponent lessons	CC-BY-NC-SA-4.0	84175fa3f27dc75bdc7a706a5cc95b39dc10595846f60c1ad0c5b18aaa33c90b
course	archibate	https://github.com/parallel101/course	86e15b21d50642d8e4463aadef914374bfe47bb2	10/00/07.cpp	experimental	Sparse representation, quantization, FP16, and shared-exponent lessons	CC-BY-NC-SA-4.0	a3a0143ed42f212d5df9b792f1ecebba661c2ef97246f51818f802fa6a92c623
course	archibate	https://github.com/parallel101/course	86e15b21d50642d8e4463aadef914374bfe47bb2	10/00/08.cpp	experimental	Sparse representation, quantization, FP16, and shared-exponent lessons	CC-BY-NC-SA-4.0	91473ea73ca309ed5f498cee4fc82ed84d4e95b9528184b9a49a2a96ef064fd1
course	archibate	https://github.com/parallel101/course	86e15b21d50642d8e4463aadef914374bfe47bb2	10/00/10.cpp	experimental	Sparse representation, quantization, FP16, and shared-exponent lessons	CC-BY-NC-SA-4.0	fc4617ba584b62bba01bbb075bdcee3db879761fe8658810f3a5a88fdf8f1e02
course	archibate	https://github.com/parallel101/course	86e15b21d50642d8e4463aadef914374bfe47bb2	10/01/bate.h	experimental	Sparse representation, quantization, FP16, and shared-exponent lessons	CC-BY-NC-SA-4.0	ffa8835e17ee8858f82f1b0e93bdd74f58f896bf9cd8b0d0c969ee312e4276bc
course	archibate	https://github.com/parallel101/course	86e15b21d50642d8e4463aadef914374bfe47bb2	10/01/06.cpp	experimental	Sparse representation, quantization, FP16, and shared-exponent lessons	CC-BY-NC-SA-4.0	ab90be6b278ad8b0ef97a8ff6326e1de807e624c6ec29914c39d9e932dfbfcf5
course	archibate	https://github.com/parallel101/course	86e15b21d50642d8e4463aadef914374bfe47bb2	10/04/bate.h	experimental	Sparse representation, quantization, FP16, and shared-exponent lessons	CC-BY-NC-SA-4.0	838be0a94e941639b8048c8153ce11a47561c6c1bdba6dbc531aada7b073c929
course	archibate	https://github.com/parallel101/course	86e15b21d50642d8e4463aadef914374bfe47bb2	10/04/06.cpp	experimental	Sparse representation, quantization, FP16, and shared-exponent lessons	CC-BY-NC-SA-4.0	58d20c7b6856c5373418f75e72a46cf005eb8ae9330564bc5c84e2f11edeed04
course	archibate	https://github.com/parallel101/course	86e15b21d50642d8e4463aadef914374bfe47bb2	10/05/bate.h	experimental	Sparse representation, quantization, FP16, and shared-exponent lessons	CC-BY-NC-SA-4.0	5ebef729c527e7a3abaa1d57eea89e2cf96aa5379bad3c1730317049aca89e91
course	archibate	https://github.com/parallel101/course	86e15b21d50642d8e4463aadef914374bfe47bb2	10/05/00.cpp	experimental	Sparse representation, quantization, FP16, and shared-exponent lessons	CC-BY-NC-SA-4.0	5ec22bef250ae279ef82e103d03f99397e7eefff3bebb4ce4cecb79afc688f24
course	archibate	https://github.com/parallel101/course	86e15b21d50642d8e4463aadef914374bfe47bb2	10/05/01.cpp	experimental	Sparse representation, quantization, FP16, and shared-exponent lessons	CC-BY-NC-SA-4.0	301317972308fb01f61ac31b428de25cf9431f24673c206befccfb1c252ddc38
course	archibate	https://github.com/parallel101/course	86e15b21d50642d8e4463aadef914374bfe47bb2	10/05/02.cpp	experimental	Sparse representation, quantization, FP16, and shared-exponent lessons	CC-BY-NC-SA-4.0	d844f8f13e57d3462dd5f752ddb0a60e8cdf4f3fa953c757f6eaff799e684700
course	archibate	https://github.com/parallel101/course	86e15b21d50642d8e4463aadef914374bfe47bb2	10/05/03.cpp	experimental	Sparse representation, quantization, FP16, and shared-exponent lessons	CC-BY-NC-SA-4.0	8187526466281008273adb013d747a55e403d9d9e031c4e63165cbf171d5d125
course	archibate	https://github.com/parallel101/course	86e15b21d50642d8e4463aadef914374bfe47bb2	10/05/04.cpp	experimental	Sparse representation, quantization, FP16, and shared-exponent lessons	CC-BY-NC-SA-4.0	d84e5111dd0886b8d41ec253823e89728194fe0c1c6e7bd84149033994950560
course	archibate	https://github.com/parallel101/course	86e15b21d50642d8e4463aadef914374bfe47bb2	10/06/bate.h	experimental	Sparse representation, quantization, FP16, and shared-exponent lessons	CC-BY-NC-SA-4.0	5ebef729c527e7a3abaa1d57eea89e2cf96aa5379bad3c1730317049aca89e91
course	archibate	https://github.com/parallel101/course	86e15b21d50642d8e4463aadef914374bfe47bb2	10/06/03.cpp	experimental	Sparse representation, quantization, FP16, and shared-exponent lessons	CC-BY-NC-SA-4.0	f40bab061142993acf3b3f398a3232a21ac345437a027d5c58ce42e972c81e29
course	archibate	https://github.com/parallel101/course	86e15b21d50642d8e4463aadef914374bfe47bb2	10/06/04.cpp	experimental	Sparse representation, quantization, FP16, and shared-exponent lessons	CC-BY-NC-SA-4.0	02c466a5b3925bc7ed3a4685448bfa263c1d577cc07e05ce07d949a3efe78e30
course	archibate	https://github.com/parallel101/course	86e15b21d50642d8e4463aadef914374bfe47bb2	10/06/05.cpp	experimental	Sparse representation, quantization, FP16, and shared-exponent lessons	CC-BY-NC-SA-4.0	cb43088cb9b4738accb029770dc3273008d1dcf10a3104b54f5deb99d6c6d75e
course	archibate	https://github.com/parallel101/course	86e15b21d50642d8e4463aadef914374bfe47bb2	10/06/06.cpp	experimental	Sparse representation, quantization, FP16, and shared-exponent lessons	CC-BY-NC-SA-4.0	f7aafc66db0348c93829aa481897e271a6defde1d7bbf4d05c01d3a9b7b3da38
course	archibate	https://github.com/parallel101/course	86e15b21d50642d8e4463aadef914374bfe47bb2	10/06/07.cpp	experimental	Sparse representation, quantization, FP16, and shared-exponent lessons	CC-BY-NC-SA-4.0	ee55ca7b136e28399be007e98fb867c613772cee413058b836654ae2bd4bc3d9
simdtutor	archibate	https://github.com/parallel101/simdtutor	df3deb0677f04d5373e523341f0ae516bb32f550	README.md	progression	Scalar-to-SIMD exercises, tails, predicates, and runtime dispatch	CC-BY-NC-SA-4.0	6816f89a442f2691dad49bca782ddfc8d356bd1ee98f8b3d3e7b19c2c0531fbc
simdtutor	archibate	https://github.com/parallel101/simdtutor	df3deb0677f04d5373e523341f0ae516bb32f550	practices/dispatch.md	progression	Scalar-to-SIMD exercises, tails, predicates, and runtime dispatch	CC-BY-NC-SA-4.0	ff2ecc46c19e901aed1fa6c774b77db90968518710c86fce404be365d56086d9
simdtutor	archibate	https://github.com/parallel101/simdtutor	df3deb0677f04d5373e523341f0ae516bb32f550	practices/u8rgba2rgb.md	progression	Scalar-to-SIMD exercises, tails, predicates, and runtime dispatch	CC-BY-NC-SA-4.0	fe83aed80f9f1ec99048338e47c66debaf124b1f133294e37e0b7841df15c360
simdtutor	archibate	https://github.com/parallel101/simdtutor	df3deb0677f04d5373e523341f0ae516bb32f550	source/sum.cpp	progression	Scalar-to-SIMD exercises, tails, predicates, and runtime dispatch	CC-BY-NC-SA-4.0	8c4b62a78759d426e99d364c6afb8ca2788954ffdaf48f01b4fed3d4e3bb45b7
simdtutor	archibate	https://github.com/parallel101/simdtutor	df3deb0677f04d5373e523341f0ae516bb32f550	source/saxpy.cpp	progression	Scalar-to-SIMD exercises, tails, predicates, and runtime dispatch	CC-BY-NC-SA-4.0	5ba3023dce6939bd5f77dc78db9635287fd8e4d5c8aecc0d66112f22f3dab7ae
simdtutor	archibate	https://github.com/parallel101/simdtutor	df3deb0677f04d5373e523341f0ae516bb32f550	source/countp.cpp	progression	Scalar-to-SIMD exercises, tails, predicates, and runtime dispatch	CC-BY-NC-SA-4.0	aa71a31d91584620b651fd3cbdff4e37f0d4a04753d5bfdfce298f1e59e954ba
simdtutor	archibate	https://github.com/parallel101/simdtutor	df3deb0677f04d5373e523341f0ae516bb32f550	source/findp.cpp	progression	Scalar-to-SIMD exercises, tails, predicates, and runtime dispatch	CC-BY-NC-SA-4.0	994994d3bbd8e98b34812526a8ef0ac82936e850286dd289b090a552f80ef870
simdtutor	archibate	https://github.com/parallel101/simdtutor	df3deb0677f04d5373e523341f0ae516bb32f550	source/fillsin.cpp	progression	Scalar-to-SIMD exercises, tails, predicates, and runtime dispatch	CC-BY-NC-SA-4.0	3efcdf0e2e752e14f1e0823dc0d891bf40a38c8a4beae51773f444773dd33e12
simdtutor	archibate	https://github.com/parallel101/simdtutor	df3deb0677f04d5373e523341f0ae516bb32f550	source/rgba2rgb.cpp	progression	Scalar-to-SIMD exercises, tails, predicates, and runtime dispatch	CC-BY-NC-SA-4.0	01ef54611a202ad11b430e1eaa9c25752264c2449b48c7dd3472303aa3fb096f
simdtutor	archibate	https://github.com/parallel101/simdtutor	df3deb0677f04d5373e523341f0ae516bb32f550	result/sum.cpp	progression	Scalar-to-SIMD exercises, tails, predicates, and runtime dispatch	CC-BY-NC-SA-4.0	4e8c3bc1e5ff29f4c55889e3f4df8072b2284c4efc8222372774e2156e24d8f1
simdtutor	archibate	https://github.com/parallel101/simdtutor	df3deb0677f04d5373e523341f0ae516bb32f550	result/saxpy.cpp	progression	Scalar-to-SIMD exercises, tails, predicates, and runtime dispatch	CC-BY-NC-SA-4.0	f54e117baac43c357e158d900f6e87190186c615a24e7df52d7eacd7eeb5f5fe
simdtutor	archibate	https://github.com/parallel101/simdtutor	df3deb0677f04d5373e523341f0ae516bb32f550	result/countp.cpp	progression	Scalar-to-SIMD exercises, tails, predicates, and runtime dispatch	CC-BY-NC-SA-4.0	0dad328283285ddd209638933a9fc8a4df23d2fecbc266ca73e227104ae3b30e
simdtutor	archibate	https://github.com/parallel101/simdtutor	df3deb0677f04d5373e523341f0ae516bb32f550	result/findp.cpp	progression	Scalar-to-SIMD exercises, tails, predicates, and runtime dispatch	CC-BY-NC-SA-4.0	123011957737bf2b20e166cec512facabe59b61eb0f987675d85cb52bad46406
simdtutor	archibate	https://github.com/parallel101/simdtutor	df3deb0677f04d5373e523341f0ae516bb32f550	result/fillsin.cpp	progression	Scalar-to-SIMD exercises, tails, predicates, and runtime dispatch	CC-BY-NC-SA-4.0	26e548423f81b82fe624d784aade637032bac26bce56c78834f319c8be260a28
simdtutor	archibate	https://github.com/parallel101/simdtutor	df3deb0677f04d5373e523341f0ae516bb32f550	result/rgba2rgb.cpp	progression	Scalar-to-SIMD exercises, tails, predicates, and runtime dispatch	CC-BY-NC-SA-4.0	1d11426ba959a3c54be2eaf414dda24e620b7a0a5742f78a125165cbf206c185
simdtutor	archibate	https://github.com/parallel101/simdtutor	df3deb0677f04d5373e523341f0ae516bb32f550	source/filterp.cpp	experimental	Stable AVX2 stream compaction with movemask, popcount, and permutation LUT	CC-BY-NC-SA-4.0	99d870af81e88d3b6239a63569dcd13f8a7f8511dfab433ded473755a5f8ac29
simdtutor	archibate	https://github.com/parallel101/simdtutor	df3deb0677f04d5373e523341f0ae516bb32f550	blas/sdot.cpp	counterexample	Reduction accuracy, dependency chains, and strided SIMD pitfalls	CC-BY-NC-SA-4.0	baf1ab29c98ec45dea6ae884b4cce8bd91bd7b955543fad39bf357943569f29c
simdtutor	archibate	https://github.com/parallel101/simdtutor	df3deb0677f04d5373e523341f0ae516bb32f550	blas/dsdot.cpp	counterexample	Reduction accuracy, dependency chains, and strided SIMD pitfalls	CC-BY-NC-SA-4.0	3dfbb58ad5dfe654d6a1cf2f01cc4c951c9740f8c9f2a6727f0aae5887643840
simdtutor	archibate	https://github.com/parallel101/simdtutor	df3deb0677f04d5373e523341f0ae516bb32f550	blas/snrm2.cpp	counterexample	Reduction accuracy, dependency chains, and strided SIMD pitfalls	CC-BY-NC-SA-4.0	949ad34179f1fb7ffef384aab34d8e880e20fa74c13692a3e193c4bfadb9c125
simdtutor	archibate	https://github.com/parallel101/simdtutor	df3deb0677f04d5373e523341f0ae516bb32f550	foundation/radixsort/radix_sort.cpp	experimental	Radix sort, dispatch, profiling, allocation, CUDA, and queue evolution	CC-BY-NC-SA-4.0	34650e76fde7892ce94c0461fb6c7e26aac604f957130435030be76392d31721
simdtutor	archibate	https://github.com/parallel101/simdtutor	df3deb0677f04d5373e523341f0ae516bb32f550	foundation/radixsort/show_time.h	experimental	Radix sort, dispatch, profiling, allocation, CUDA, and queue evolution	CC-BY-NC-SA-4.0	5fcc2f63f403f00f9db9c0f6906c8cf537880de743029a4da7ce09b84cfdfe2b
simdtutor	archibate	https://github.com/parallel101/simdtutor	df3deb0677f04d5373e523341f0ae516bb32f550	foundation/dispatch_kernel.h	experimental	Radix sort, dispatch, profiling, allocation, CUDA, and queue evolution	CC-BY-NC-SA-4.0	a6360d6f01a7c37e2f3164e7895653651a760e6407afe7f8c37760bf2f61a154
simdtutor	archibate	https://github.com/parallel101/simdtutor	df3deb0677f04d5373e523341f0ae516bb32f550	foundation/ScopeProfiler.h	experimental	Radix sort, dispatch, profiling, allocation, CUDA, and queue evolution	CC-BY-NC-SA-4.0	a1848ac3ffcc936f46bd561d90fa2eb0afa7aa421134a3f69eb562f53fc52e80
simdtutor	archibate	https://github.com/parallel101/simdtutor	df3deb0677f04d5373e523341f0ae516bb32f550	foundation/kernel_rgba2rgb.h	experimental	Radix sort, dispatch, profiling, allocation, CUDA, and queue evolution	CC-BY-NC-SA-4.0	62244679a0d1ddd25bfe6ecf4e00e3ef3757f5259d8247bdccccb5a523f1caae
simdtutor	archibate	https://github.com/parallel101/simdtutor	df3deb0677f04d5373e523341f0ae516bb32f550	foundation/kernel_hashrng.h	experimental	Radix sort, dispatch, profiling, allocation, CUDA, and queue evolution	CC-BY-NC-SA-4.0	c80864c0e2c70f7cbed1908939a20b99c089bcb0d796b7c1e5f119648afec1dd
simdtutor	archibate	https://github.com/parallel101/simdtutor	df3deb0677f04d5373e523341f0ae516bb32f550	foundation/cpp17pmrtest/oldmain.cpp	experimental	Radix sort, dispatch, profiling, allocation, CUDA, and queue evolution	CC-BY-NC-SA-4.0	89bbe07f3ba91c10a0e826a42907a9033c268c0f543b5dd78e2badb3e72aaa89
simdtutor	archibate	https://github.com/parallel101/simdtutor	df3deb0677f04d5373e523341f0ae516bb32f550	foundation/cpp17pmrtest/filter.cpp	experimental	Radix sort, dispatch, profiling, allocation, CUDA, and queue evolution	CC-BY-NC-SA-4.0	b8aedc80853ea4affbab02f663405ef70d68fdeafcb3b25d2bc175d5022ba6b5
simdtutor	archibate	https://github.com/parallel101/simdtutor	df3deb0677f04d5373e523341f0ae516bb32f550	foundation/moderncuda/README.md	experimental	Radix sort, dispatch, profiling, allocation, CUDA, and queue evolution	CC-BY-NC-SA-4.0	8b75156332b3855887a2361f1874f51b7c5b6c76066ef6e62fa08685dcbb730e
simdtutor	archibate	https://github.com/parallel101/simdtutor	df3deb0677f04d5373e523341f0ae516bb32f550	foundation/moderncuda/cudapp.cuh	experimental	Radix sort, dispatch, profiling, allocation, CUDA, and queue evolution	CC-BY-NC-SA-4.0	bdad9fcc17adcb1a8d648763ff85429f317e526ad49bffe8ffcd5766c61fc25f
simdtutor	archibate	https://github.com/parallel101/simdtutor	df3deb0677f04d5373e523341f0ae516bb32f550	foundation/cpplockfreequeue/affinity.h	experimental	Radix sort, dispatch, profiling, allocation, CUDA, and queue evolution	CC-BY-NC-SA-4.0	17b25ae0b638a2c95b6c02e775518fe48cca42bf40a7442147fdc5f56922daf3
simdtutor	archibate	https://github.com/parallel101/simdtutor	df3deb0677f04d5373e523341f0ae516bb32f550	foundation/cpplockfreequeue/show_time.h	experimental	Radix sort, dispatch, profiling, allocation, CUDA, and queue evolution	CC-BY-NC-SA-4.0	5fcc2f63f403f00f9db9c0f6906c8cf537880de743029a4da7ce09b84cfdfe2b
simdtutor	archibate	https://github.com/parallel101/simdtutor	df3deb0677f04d5373e523341f0ae516bb32f550	foundation/cpplockfreequeue/spsc_ring.h	experimental	Radix sort, dispatch, profiling, allocation, CUDA, and queue evolution	CC-BY-NC-SA-4.0	602ab19e66c3b9d9e7abc68f135a0a97d32c641bd3f0512025d8317692ddd858
simdtutor	archibate	https://github.com/parallel101/simdtutor	df3deb0677f04d5373e523341f0ae516bb32f550	foundation/cpplockfreequeue/v1_std_mt_queue.cpp	experimental	Radix sort, dispatch, profiling, allocation, CUDA, and queue evolution	CC-BY-NC-SA-4.0	b04c29a5d72486bb7d2db85aac2db7e50ce29dffce04a33d5e28f1e051f2aab3
simdtutor	archibate	https://github.com/parallel101/simdtutor	df3deb0677f04d5373e523341f0ae516bb32f550	foundation/cpplockfreequeue/v2_atomic_ring_queue.cpp	experimental	Radix sort, dispatch, profiling, allocation, CUDA, and queue evolution	CC-BY-NC-SA-4.0	ebb5c59f5c9194493a062117d3f688f823e85b7811877f16faa55af0fa269c51
simdtutor	archibate	https://github.com/parallel101/simdtutor	df3deb0677f04d5373e523341f0ae516bb32f550	foundation/cpplockfreequeue/v3_atomic_acq_rel_ring_queue.cpp	experimental	Radix sort, dispatch, profiling, allocation, CUDA, and queue evolution	CC-BY-NC-SA-4.0	ff294430b0c6fe5d95e0572bdf176c8a49b63900470d9dad8a2e8eedd162b07f
simdtutor	archibate	https://github.com/parallel101/simdtutor	df3deb0677f04d5373e523341f0ae516bb32f550	foundation/cpplockfreequeue/v4_cache_align_ring_queue.cpp	experimental	Radix sort, dispatch, profiling, allocation, CUDA, and queue evolution	CC-BY-NC-SA-4.0	52ba0fe25424b837998fa2c0ef5b066ff39b5abb2a63f8619ea9a0c6385bc6fa
simdtutor	archibate	https://github.com/parallel101/simdtutor	df3deb0677f04d5373e523341f0ae516bb32f550	foundation/cpplockfreequeue/v5_read_pos_cached_ring_queue.cpp	experimental	Radix sort, dispatch, profiling, allocation, CUDA, and queue evolution	CC-BY-NC-SA-4.0	18c924b77e9d983ca579e5a4f818fca27724fac6c44d9d3e2aa8e8204643c977
simdtutor	archibate	https://github.com/parallel101/simdtutor	df3deb0677f04d5373e523341f0ae516bb32f550	foundation/cpplockfreequeue/v6_write_pos_cached_ring_queue.cpp	experimental	Radix sort, dispatch, profiling, allocation, CUDA, and queue evolution	CC-BY-NC-SA-4.0	3c5cab6819b1c9e5938ac5330f0af1aff372130649b98f7af9d93068de184ff9
simdtutor	archibate	https://github.com/parallel101/simdtutor	df3deb0677f04d5373e523341f0ae516bb32f550	foundation/cpplockfreequeue/v7_rw_pos_localize_ring_queue.cpp	experimental	Radix sort, dispatch, profiling, allocation, CUDA, and queue evolution	CC-BY-NC-SA-4.0	1fffd490cc5ea2152270512b350c830479a25c445660dfa6b39d840b49f57bc6
simdtutor	archibate	https://github.com/parallel101/simdtutor	df3deb0677f04d5373e523341f0ae516bb32f550	foundation/cpplockfreequeue/v8_pointer_atomic_ring_queue.cpp	experimental	Radix sort, dispatch, profiling, allocation, CUDA, and queue evolution	CC-BY-NC-SA-4.0	dc1547ae787cf4d249fa6c05d659734aa3805daecb230c9a844b91014766bbd3
simdtutor	archibate	https://github.com/parallel101/simdtutor	df3deb0677f04d5373e523341f0ae516bb32f550	foundation/cpplockfreequeue/v9_do_while_ring_queue.cpp	experimental	Radix sort, dispatch, profiling, allocation, CUDA, and queue evolution	CC-BY-NC-SA-4.0	caa6106dcec4a5679769203251903fa7bbf1ab8629602d30c9752701bda722cc
simdtutor	archibate	https://github.com/parallel101/simdtutor	df3deb0677f04d5373e523341f0ae516bb32f550	foundation/cpplockfreequeue/v10_local_variable_ring_queue.cpp	experimental	Radix sort, dispatch, profiling, allocation, CUDA, and queue evolution	CC-BY-NC-SA-4.0	f875082a8b7ea38d2d07b69c21ecc132cf449e65a44367078280a93b995ff554
simdtutor	archibate	https://github.com/parallel101/simdtutor	df3deb0677f04d5373e523341f0ae516bb32f550	foundation/cpplockfreequeue/v11_ring_queue_template_class.cpp	experimental	Radix sort, dispatch, profiling, allocation, CUDA, and queue evolution	CC-BY-NC-SA-4.0	c9bd94130cd9121396ec0bd6274bd9b8bf46950677094b0381dccc9d57465002
simdtutor	archibate	https://github.com/parallel101/simdtutor	df3deb0677f04d5373e523341f0ae516bb32f550	foundation/cpplockfreequeue/v12_ring_queue_atomic_wait.cpp	experimental	Radix sort, dispatch, profiling, allocation, CUDA, and queue evolution	CC-BY-NC-SA-4.0	e5cb753e7d002dd4abd3153847aca09443fa726bb6ae89e73f9e03792c0962e2
simdtutor	archibate	https://github.com/parallel101/simdtutor	df3deb0677f04d5373e523341f0ae516bb32f550	customers/issue4_getsubpixelvalue/old.cpp	case-study	Real optimization cases: layout, masks, sparse GPU work, and bottlenecks	CC-BY-NC-SA-4.0	efedb75f65022bee5f18f2e5d19bbc4d986b017611f8fa0fefc5468162818e13
simdtutor	archibate	https://github.com/parallel101/simdtutor	df3deb0677f04d5373e523341f0ae516bb32f550	customers/issue4_getsubpixelvalue/main.cpp	case-study	Real optimization cases: layout, masks, sparse GPU work, and bottlenecks	CC-BY-NC-SA-4.0	a1f3e3447ecbbb7c7a5be37fcc51a0858cc3c58159f91dcdb5de0dc4cdd6270e
simdtutor	archibate	https://github.com/parallel101/simdtutor	df3deb0677f04d5373e523341f0ae516bb32f550	customers/parallel_multiply_uint8/README.md	case-study	Real optimization cases: layout, masks, sparse GPU work, and bottlenecks	CC-BY-NC-SA-4.0	7faf9eaeadeeaf9817bff28c509dce6bdbe842c15376327771e29d426c9ae996
simdtutor	archibate	https://github.com/parallel101/simdtutor	df3deb0677f04d5373e523341f0ae516bb32f550	customers/parallel_multiply_uint8/fast_mask_lib.hpp	case-study	Real optimization cases: layout, masks, sparse GPU work, and bottlenecks	CC-BY-NC-SA-4.0	64e1338d5566594f457c4ec71b870f4fc770d6a21aac9487a105713e646504df
simdtutor	archibate	https://github.com/parallel101/simdtutor	df3deb0677f04d5373e523341f0ae516bb32f550	customers/amgcg_vcycle_cuda/README.md	case-study	Real optimization cases: layout, masks, sparse GPU work, and bottlenecks	CC-BY-NC-SA-4.0	59b66b7252da39f6afc0405cfaec9cb60b879f8f93c86a4a603c1a38ec208297
simdtutor	archibate	https://github.com/parallel101/simdtutor	df3deb0677f04d5373e523341f0ae516bb32f550	customers/amgcg_vcycle_cuda/rec.txt	case-study	Real optimization cases: layout, masks, sparse GPU work, and bottlenecks	CC-BY-NC-SA-4.0	6240ec179bd4d3dd36c927f6fdd4283979f8d3f1e8db87a54784467b37427e8b
simdtutor	archibate	https://github.com/parallel101/simdtutor	df3deb0677f04d5373e523341f0ae516bb32f550	customers/amgcg_vcycle_cuda/vcycle.cu	case-study	Real optimization cases: layout, masks, sparse GPU work, and bottlenecks	CC-BY-NC-SA-4.0	f23ad997c4f804e995536fd8aa4fc55841b1965cecd4bee4359c40106343d4de
